PassengerId,Survived,Pclass,Sex,Age,Fare,Embarked_Q,Embarked_S,"fare_group_(7.854, 10.5]","fare_group_(10.5, 21.679]","fare_group_(21.679, 39.688]","fare_group_(39.688, 512.329]",title,total
1,0,3,0,22.0,2.692582403567252,0,1,0,0,0,0,1,1
2,1,1,1,38.0,8.442943799410251,0,0,0,0,0,1,2,1
3,1,3,1,26.0,2.8151376520518494,0,1,1,0,0,0,3,0
4,1,1,1,35.0,7.286974680894672,0,1,0,0,0,1,2,1
5,0,3,0,35.0,2.8372521918222215,0,1,1,0,0,0,1,0
6,0,3,0,25.14061971830986,2.9083156637476613,1,0,1,0,0,0,1,0
7,0,1,0,54.0,7.201562330494682,0,1,0,0,0,1,1,0
8,0,3,0,2.0,4.590751572455212,0,1,0,1,0,0,4,4
9,1,3,1,27.0,3.33666000665336,0,1,0,1,0,0,2,2
10,1,2,1,14.0,5.483684892478779,0,0,0,0,1,0,2,1
11,1,3,1,4.0,4.08656334834051,0,1,0,1,0,0,3,2
12,1,1,1,58.0,5.152669211195301,0,1,0,0,1,0,3,0
13,0,3,0,20.0,2.8372521918222215,0,1,1,0,0,0,1,0
14,0,3,0,39.0,5.592405564692174,0,1,0,0,1,0,1,6
15,0,3,1,14.0,2.8025345671373976,0,1,0,0,0,0,3,0
16,1,2,1,55.0,4.0,0,1,0,1,0,0,2,0
17,0,3,0,2.0,5.3967582862307255,1,0,0,0,1,0,4,5
18,1,2,0,29.87763005780347,3.605551275463989,0,1,0,1,0,0,1,0
19,0,3,1,31.0,4.242640687119285,0,1,0,1,0,0,2,1
20,1,3,1,25.14061971830986,2.6879360111431225,0,0,0,0,0,0,2,0
21,0,2,0,35.0,5.0990195135927845,0,1,0,0,1,0,1,0
22,1,2,0,34.0,3.605551275463989,0,1,0,1,0,0,1,0
23,1,3,1,15.0,2.833584302610388,1,0,1,0,0,0,3,0
24,1,1,0,28.0,5.958187643906492,0,1,0,0,1,0,1,0
25,0,3,1,8.0,4.590751572455212,0,1,0,1,0,0,3,4
26,1,3,1,38.0,5.6024548190949295,0,1,0,0,1,0,2,6
27,0,3,0,25.14061971830986,2.6879360111431225,0,0,0,0,0,0,1,0
28,0,1,0,19.0,16.217274740226856,0,1,0,0,0,1,1,5
29,1,3,1,25.14061971830986,2.806991271806879,1,0,1,0,0,0,3,0
30,0,3,0,25.14061971830986,2.8099466187100424,0,1,1,0,0,0,1,0
31,0,1,0,40.0,5.26505460560477,0,0,0,0,1,0,5,0
32,1,1,1,38.233440860215055,12.104577646493908,0,0,0,0,0,1,2,1
33,1,3,1,25.14061971830986,2.7838821814150108,1,0,0,0,0,0,3,0
34,0,2,0,66.0,3.24037034920393,0,1,1,0,0,0,1,0
35,0,1,0,28.0,9.064811084628294,0,0,0,0,0,1,1,1
36,0,1,0,42.0,7.211102550927978,0,1,0,0,0,1,1,1
37,1,3,0,25.14061971830986,2.688717166233741,0,0,0,0,0,0,1,0
38,0,3,0,21.0,2.8372521918222215,0,1,1,0,0,0,1,0
39,0,3,1,18.0,4.242640687119285,0,1,0,1,0,0,3,2
40,1,3,1,14.0,3.35286444700647,0,0,0,1,0,0,3,1
41,0,3,1,40.0,3.078148794324277,0,1,1,0,0,0,2,1
42,0,2,1,27.0,4.58257569495584,0,1,0,1,0,0,2,1
43,0,3,0,25.14061971830986,2.8099466187100424,0,0,1,0,0,0,1,0
44,1,2,1,3.0,6.448193545482331,0,0,0,0,0,1,3,3
45,1,3,1,19.0,2.806991271806879,1,0,1,0,0,0,3,0
46,0,3,0,25.14061971830986,2.8372521918222215,0,1,1,0,0,0,1,0
47,0,3,0,25.14061971830986,3.9370039370059056,1,0,0,1,0,0,1,1
48,1,3,1,25.14061971830986,2.7838821814150108,1,0,0,0,0,0,3,0
49,0,3,0,25.14061971830986,4.656092782580691,0,0,0,1,0,0,1,2
50,0,3,1,18.0,4.219004621945797,0,1,0,1,0,0,2,1
51,0,3,0,7.0,6.299801584177076,0,1,0,0,1,0,4,5
52,0,3,0,21.0,2.792848008753788,0,1,0,0,0,0,1,0
53,1,1,1,49.0,8.75952053482381,0,0,0,0,0,1,2,1
54,1,2,1,29.0,5.0990195135927845,0,1,0,0,1,0,2,1
55,0,1,0,65.0,7.872686961895538,0,0,0,0,0,1,1,1
56,1,1,0,38.233440860215055,5.958187643906492,0,1,0,0,1,0,1,0
57,1,2,1,21.0,3.24037034920393,0,1,1,0,0,0,3,0
58,0,3,0,28.5,2.688717166233741,0,0,0,0,0,0,1,0
59,1,2,1,5.0,5.267826876426369,0,1,0,0,1,0,3,3
60,0,3,0,11.0,6.848357467305573,0,1,0,0,0,1,4,7
61,0,3,0,22.0,2.688717166233741,0,0,0,0,0,0,1,0
62,1,1,1,38.0,8.94427190999916,0,0,0,0,0,1,3,0
63,0,1,0,45.0,9.136465399704637,0,1,0,0,0,1,1,1
64,0,3,0,4.0,5.282045058497703,0,1,0,0,1,0,4,5
65,0,1,0,38.233440860215055,5.26505460560477,0,0,0,0,1,0,1,0
66,1,3,0,25.14061971830986,3.9045870460267627,0,0,0,1,0,0,4,2
67,1,2,1,29.0,3.24037034920393,0,1,1,0,0,0,2,0
68,0,3,0,19.0,2.856273796399778,0,1,1,0,0,0,1,0
69,1,3,1,17.0,2.8151376520518494,0,1,1,0,0,0,3,6
70,0,3,0,26.0,2.9432125305522874,0,1,1,0,0,0,1,2
71,0,2,0,32.0,3.24037034920393,0,1,1,0,0,0,1,0
72,0,3,1,16.0,6.848357467305573,0,1,0,0,0,1,3,7
73,0,2,0,21.0,8.573214099741124,0,1,0,0,0,1,1,0
74,0,3,0,26.0,3.8018679619366056,0,0,0,1,0,0,1,1
75,1,3,0,32.0,7.516368804150047,0,1,0,0,0,1,1,0
76,0,3,0,25.0,2.7658633371878665,0,1,0,0,0,0,1,0
77,0,3,0,25.14061971830986,2.8099466187100424,0,1,1,0,0,0,1,0
78,0,3,0,25.14061971830986,2.8372521918222215,0,1,1,0,0,0,1,0
79,1,2,0,0.83,5.385164807134504,0,1,0,0,1,0,4,2
80,1,3,1,30.0,3.531996602489872,0,1,0,1,0,0,3,0
81,0,3,0,22.0,3.0,0,1,1,0,0,0,1,0
82,1,3,0,29.0,3.082207001484488,0,1,1,0,0,0,1,0
83,1,3,1,25.14061971830986,2.790609252475165,1,0,0,0,0,0,3,0
84,0,1,0,28.0,6.862943974709396,0,1,0,0,0,1,1,0
85,1,2,1,17.0,3.24037034920393,0,1,1,0,0,0,3,0
86,1,3,1,33.0,3.9812058474788765,0,1,0,1,0,0,2,3
87,0,3,0,16.0,5.863019699779287,0,1,0,0,1,0,1,4
88,0,3,0,25.14061971830986,2.8372521918222215,0,1,1,0,0,0,1,0
89,1,1,1,23.0,16.217274740226856,0,1,0,0,0,1,3,5
90,0,3,0,24.0,2.8372521918222215,0,1,1,0,0,0,1,0
91,0,3,0,29.0,2.8372521918222215,0,1,1,0,0,0,1,0
92,0,3,0,20.0,2.8025345671373976,0,1,0,0,0,0,1,0
93,0,1,0,46.0,7.8214448793045905,0,1,0,0,0,1,1,1
94,0,3,0,26.0,4.535967372016691,0,1,0,1,0,0,1,3
95,0,3,0,59.0,2.692582403567252,0,1,0,0,0,0,1,0
96,0,3,0,25.14061971830986,2.8372521918222215,0,1,1,0,0,0,1,0
97,0,1,0,71.0,5.886781803328539,0,0,0,0,1,0,1,0
98,1,1,0,23.0,7.959792710868795,0,0,0,0,0,1,1,1
99,1,2,1,34.0,4.795831523312719,0,1,0,0,1,0,2,1
100,0,2,0,34.0,5.0990195135927845,0,1,0,0,1,0,1,1
101,0,3,1,28.0,2.8099466187100424,0,1,1,0,0,0,3,0
102,0,3,0,25.14061971830986,2.8099466187100424,0,1,1,0,0,0,1,0
103,0,1,0,21.0,8.791330957255562,0,1,0,0,0,1,1,1
104,0,3,0,33.0,2.9418021687394273,0,1,1,0,0,0,1,0
105,0,3,0,37.0,2.8151376520518494,0,1,1,0,0,0,1,2
106,0,3,0,28.0,2.8099466187100424,0,1,1,0,0,0,1,0
107,1,3,1,21.0,2.7658633371878665,0,1,0,0,0,0,3,0
108,1,3,0,25.14061971830986,2.7883686987197374,0,1,0,0,0,0,1,0
109,0,3,0,38.0,2.8099466187100424,0,1,1,0,0,0,1,0
110,1,3,1,25.14061971830986,4.914264950122246,1,0,0,0,1,0,3,1
111,0,1,0,47.0,7.211102550927978,0,1,0,0,0,1,1,0
112,0,3,1,14.5,3.8018679619366056,0,0,0,1,0,0,3,1
113,0,3,0,22.0,2.8372521918222215,0,1,1,0,0,0,1,0
114,0,3,1,20.0,3.1344856037314957,0,1,1,0,0,0,3,1
115,0,3,1,17.0,3.802407132330782,0,0,0,1,0,0,3,0
116,0,3,0,21.0,2.8151376520518494,0,1,1,0,0,0,1,0
117,0,3,0,70.5,2.7838821814150108,1,0,0,0,0,0,1,0
118,0,2,0,29.0,4.58257569495584,0,1,0,1,0,0,1,1
119,0,1,0,24.0,15.732793776058974,0,0,0,0,0,1,1,1
120,0,3,1,2.0,5.592405564692174,0,1,0,0,1,0,3,6
121,0,2,0,21.0,8.573214099741124,0,1,0,0,0,1,1,2
122,0,3,0,25.14061971830986,2.8372521918222215,0,1,1,0,0,0,1,0
123,0,2,0,32.5,5.483684892478779,0,0,0,0,1,0,1,1
124,1,2,1,32.5,3.605551275463989,0,1,0,1,0,0,3,0
125,0,1,0,54.0,8.791330957255562,0,1,0,0,0,1,1,1
126,1,3,0,12.0,3.35286444700647,0,0,0,1,0,0,4,1
127,0,3,0,25.14061971830986,2.7838821814150108,1,0,0,0,0,0,1,0
128,1,3,0,24.0,2.6723959287500794,0,1,0,0,0,0,1,0
129,1,3,1,25.14061971830986,4.728456407750842,0,0,0,0,1,0,3,2
130,0,3,0,45.0,2.6410225292488514,0,1,0,0,0,0,1,0
131,0,3,0,33.0,2.8099466187100424,0,0,1,0,0,0,1,0
132,0,3,0,20.0,2.6551836094703507,0,1,0,0,0,0,1,0
133,0,3,1,47.0,3.8078865529319543,0,1,0,1,0,0,2,1
134,1,2,1,29.0,5.0990195135927845,0,1,0,0,1,0,2,1
135,0,2,0,25.0,3.605551275463989,0,1,0,1,0,0,1,0
136,0,2,0,23.0,3.878891594257308,0,0,0,1,0,0,1,0
137,1,1,1,19.0,5.126724100241791,0,1,0,0,1,0,3,2
138,0,1,0,37.0,7.286974680894672,0,1,0,0,0,1,1,1
139,0,3,0,16.0,3.035901842945519,0,1,1,0,0,0,1,0
140,0,1,0,24.0,8.899438184514796,0,0,0,0,0,1,1,0
141,0,3,1,25.14061971830986,3.9045870460267627,0,0,0,1,0,0,2,2
142,1,3,1,22.0,2.7838821814150108,0,1,0,0,0,0,3,0
143,1,3,1,24.0,3.9812058474788765,0,1,0,1,0,0,2,1
144,0,3,0,19.0,2.598076211353316,1,0,0,0,0,0,1,0
145,0,2,0,18.0,3.391164991562634,0,1,0,1,0,0,1,0
146,0,2,0,19.0,6.06217782649107,0,1,0,0,1,0,1,2
147,1,3,0,27.0,2.792095986888703,0,1,0,0,0,0,1,0
148,0,3,1,9.0,5.863019699779287,0,1,0,0,1,0,3,4
149,0,2,0,36.5,5.0990195135927845,0,1,0,0,1,0,1,2
150,0,2,0,42.0,3.605551275463989,0,1,0,1,0,0,5,0
151,0,2,0,51.0,3.5390676738372777,0,1,0,1,0,0,5,0
152,1,1,1,22.0,8.160882305241266,0,1,0,0,0,1,2,1
153,0,3,0,55.5,2.8372521918222215,0,1,1,0,0,0,1,0
154,0,3,0,40.5,3.8078865529319543,0,1,0,1,0,0,1,2
155,0,3,0,25.14061971830986,2.704163456597992,0,1,0,0,0,0,1,0
156,0,1,0,51.0,7.834487858181925,0,0,0,0,0,1,1,1
157,1,3,1,16.0,2.780881155317501,1,0,0,0,0,0,3,0
158,0,3,0,30.0,2.8372521918222215,0,1,1,0,0,0,1,0
159,0,3,0,25.14061971830986,2.9432125305522874,0,1,1,0,0,0,1,0
160,0,3,0,25.14061971830986,8.33966426182733,0,1,0,0,0,1,4,10
161,0,3,0,44.0,4.012480529547776,0,1,0,1,0,0,1,1
162,1,2,1,40.0,3.968626966596886,0,1,0,1,0,0,2,0
163,0,3,0,26.0,2.7883686987197374,0,1,0,0,0,0,1,0
164,0,3,0,17.0,2.9432125305522874,0,1,1,0,0,0,1,0
165,0,3,0,1.0,6.299801584177076,0,1,0,0,1,0,4,5
166,1,3,0,9.0,4.530452516029718,0,1,0,1,0,0,4,2
167,1,1,1,38.233440860215055,7.416198487095663,0,1,0,0,0,1,2,1
168,0,3,1,45.0,5.282045058497703,0,1,0,0,1,0,2,5
169,0,1,0,38.233440860215055,5.091659847240387,0,1,0,0,1,0,1,0
170,0,3,0,28.0,7.516368804150047,0,1,0,0,0,1,1,0
171,0,1,0,61.0,5.787918451395113,0,1,0,0,1,0,1,0
172,0,3,0,4.0,5.3967582862307255,1,0,0,0,1,0,4,5
173,1,3,1,1.0,3.33666000665336,0,1,0,1,0,0,3,2
174,0,3,0,21.0,2.8151376520518494,0,1,1,0,0,0,1,0
175,0,1,0,56.0,5.5403790484045405,0,0,0,0,1,0,1,0
176,0,3,0,18.0,2.8025345671373976,0,1,0,0,0,0,1,2
177,0,3,0,25.14061971830986,5.046454200723514,0,1,0,0,1,0,4,4
178,0,1,1,50.0,5.358404613315422,0,0,0,0,1,0,3,0
179,0,2,0,30.0,3.605551275463989,0,1,0,1,0,0,1,0
180,0,3,0,36.0,0.0,0,1,0,0,0,0,1,0
181,0,3,1,25.14061971830986,8.33966426182733,0,1,0,0,0,1,3,10
182,0,2,0,29.87763005780347,3.8794329482541645,0,0,0,1,0,0,1,0
183,0,3,0,9.0,5.6024548190949295,0,1,0,0,1,0,4,6
184,1,2,0,1.0,6.244997998398398,0,1,0,0,1,0,4,3
185,1,3,1,4.0,4.693080012102926,0,1,0,0,1,0,3,2
186,0,1,0,38.233440860215055,7.0710678118654755,0,1,0,0,0,1,1,0
187,1,3,1,25.14061971830986,3.9370039370059056,1,0,0,1,0,0,2,1
188,1,1,0,45.0,5.152669211195301,0,1,0,0,1,0,1,0
189,0,3,0,40.0,3.9370039370059056,1,0,0,1,0,0,1,2
190,0,3,0,36.0,2.8099466187100424,0,1,1,0,0,0,1,0
191,1,2,1,32.0,3.605551275463989,0,1,0,1,0,0,2,0
192,0,2,0,19.0,3.605551275463989,0,1,0,1,0,0,1,0
193,1,3,1,19.0,2.8025345671373976,0,1,0,0,0,0,3,1
194,1,2,0,3.0,5.0990195135927845,0,1,0,0,1,0,4,2
195,1,1,1,44.0,5.26505460560477,0,0,0,0,1,0,2,0
196,1,1,1,58.0,12.104577646493908,0,0,0,0,0,1,3,0
197,0,3,0,25.14061971830986,2.7838821814150108,1,0,0,0,0,0,1,0
198,0,3,0,42.0,2.898999827526728,0,1,1,0,0,0,1,1
199,1,3,1,25.14061971830986,2.7838821814150108,1,0,0,0,0,0,3,0
200,0,2,1,24.0,3.605551275463989,0,1,0,1,0,0,3,0
201,0,3,0,28.0,3.082207001484488,0,1,1,0,0,0,1,0
202,0,3,0,25.14061971830986,8.33966426182733,0,1,0,0,0,1,1,10
203,0,3,0,34.0,2.5486859359285523,0,1,0,0,0,0,1,0
204,0,3,0,45.5,2.6879360111431225,0,0,0,0,0,0,1,0
205,1,3,0,18.0,2.8372521918222215,0,1,1,0,0,0,1,0
206,0,3,1,2.0,3.2345787979271736,0,1,1,0,0,0,3,1
207,0,3,0,32.0,3.9812058474788765,0,1,0,1,0,0,1,1
208,1,3,0,26.0,4.334454983039967,0,0,0,1,0,0,1,0
209,1,3,1,16.0,2.7838821814150108,1,0,0,0,0,0,3,0
210,1,1,0,40.0,5.5677643628300215,0,0,0,0,1,0,1,0
211,0,3,0,24.0,2.6551836094703507,0,1,0,0,0,0,1,0
212,1,2,1,35.0,4.58257569495584,0,1,0,1,0,0,3,0
213,0,3,0,22.0,2.692582403567252,0,1,0,0,0,0,1,0
214,0,2,0,30.0,3.605551275463989,0,1,0,1,0,0,1,0
215,0,3,0,25.14061971830986,2.7838821814150108,1,0,0,0,0,0,1,1
216,1,1,1,31.0,10.643072864544337,0,0,0,0,0,1,3,1
217,1,3,1,27.0,2.8151376520518494,0,1,1,0,0,0,3,0
218,0,2,0,42.0,5.196152422706632,0,1,0,0,1,0,1,1
219,1,1,1,32.0,8.734512006975548,0,0,0,0,0,1,3,0
220,0,2,0,30.0,3.24037034920393,0,1,1,0,0,0,1,0
221,1,3,0,16.0,2.8372521918222215,0,1,1,0,0,0,1,0
222,0,2,0,27.0,3.605551275463989,0,1,0,1,0,0,1,0
223,0,3,0,51.0,2.8372521918222215,0,1,1,0,0,0,1,0
224,0,3,0,25.14061971830986,2.8099466187100424,0,1,1,0,0,0,1,0
225,1,1,0,38.0,9.486832980505138,0,1,0,0,0,1,1,1
226,0,3,0,22.0,3.057776970284131,0,1,1,0,0,0,1,0
227,1,2,0,19.0,3.24037034920393,0,1,1,0,0,0,1,0
228,0,3,0,20.5,2.692582403567252,0,1,0,0,0,0,1,0
229,0,2,0,18.0,3.605551275463989,0,1,0,1,0,0,1,0
230,0,3,1,25.14061971830986,5.046454200723514,0,1,0,0,1,0,3,4
231,1,1,1,35.0,9.136465399704637,0,1,0,0,0,1,2,1
232,0,3,0,29.0,2.7883686987197374,0,1,0,0,0,0,1,0
233,0,2,0,59.0,3.6742346141747673,0,1,0,1,0,0,1,0
234,1,3,1,5.0,5.6024548190949295,0,1,0,0,1,0,3,6
235,0,2,0,24.0,3.24037034920393,0,1,1,0,0,0,1,0
236,0,3,1,25.14061971830986,2.7477263328068173,0,1,0,0,0,0,3,0
237,0,2,0,44.0,5.0990195135927845,0,1,0,0,1,0,1,1
238,1,2,1,8.0,5.123475382979799,0,1,0,0,1,0,3,2
239,0,2,0,19.0,3.24037034920393,0,1,1,0,0,0,1,0
240,0,2,0,33.0,3.50356960827097,0,1,0,1,0,0,1,0
241,0,3,1,25.14061971830986,3.8018679619366056,0,0,0,1,0,0,3,1
242,1,3,1,25.14061971830986,3.9370039370059056,1,0,0,1,0,0,3,1
243,0,2,0,29.0,3.24037034920393,0,1,1,0,0,0,1,0
244,0,3,0,22.0,2.669269563007828,0,1,0,0,0,0,1,0
245,0,3,0,30.0,2.6879360111431225,0,0,0,0,0,0,1,0
246,0,1,0,44.0,9.486832980505138,1,0,0,0,0,1,6,2
247,0,3,1,25.0,2.7883686987197374,0,1,0,0,0,0,3,0
248,1,2,1,24.0,3.8078865529319543,0,1,0,1,0,0,2,2
249,1,1,0,37.0,7.24942756360804,0,1,0,0,0,1,1,2
250,0,2,0,54.0,5.0990195135927845,0,1,0,0,1,0,5,1
251,0,3,0,25.14061971830986,2.692582403567252,0,1,0,0,0,0,1,0
252,0,3,1,29.0,3.2345787979271736,0,1,1,0,0,0,2,2
253,0,1,0,62.0,5.152669211195301,0,1,0,0,1,0,1,0
254,0,3,0,30.0,4.012480529547776,0,1,0,1,0,0,1,1
255,0,3,1,41.0,4.495831402532795,0,1,0,1,0,0,2,2
256,1,3,1,29.0,3.9045870460267627,0,0,0,1,0,0,2,2
257,1,1,1,38.233440860215055,8.899438184514796,0,0,0,0,0,1,2,0
258,1,1,1,30.0,9.300537618869138,0,1,0,0,0,1,3,0
259,1,1,1,35.0,22.634690190060034,0,0,0,0,0,1,3,0
260,1,2,1,50.0,5.0990195135927845,0,1,0,0,1,0,2,1
261,0,3,0,25.14061971830986,2.7838821814150108,1,0,0,0,0,0,1,0
262,1,3,0,3.0,5.6024548190949295,0,1,0,0,1,0,4,6
263,0,1,0,52.0,8.92468486838611,0,1,0,0,0,1,1,2
264,0,1,0,40.0,0.0,0,1,0,0,0,0,1,0
265,0,3,1,25.14061971830986,2.7838821814150108,1,0,0,0,0,0,3,0
266,0,2,0,36.0,3.24037034920393,0,1,1,0,0,0,1,0
267,0,3,0,16.0,6.299801584177076,0,1,0,0,1,0,1,5
268,1,3,0,25.0,2.7883686987197374,0,1,0,0,0,0,1,1
269,1,1,1,58.0,12.3879982240877,0,1,0,0,0,1,2,1
270,1,1,1,35.0,11.646171044596588,0,1,0,0,0,1,3,0
271,0,1,0,38.233440860215055,5.5677643628300215,0,1,0,0,1,0,1,0
272,1,3,0,25.0,0.0,0,1,0,0,0,0,1,0
273,1,2,1,41.0,4.415880433163924,0,1,0,1,0,0,2,1
274,0,1,0,37.0,5.449770637375485,0,0,0,0,1,0,1,1
275,1,3,1,25.14061971830986,2.7838821814150108,1,0,0,0,0,0,3,0
276,1,1,1,63.0,8.829399753097602,0,1,0,0,0,1,3,1
277,0,3,1,45.0,2.7838821814150108,0,1,0,0,0,0,3,0
278,0,2,0,29.87763005780347,0.0,0,1,0,0,0,0,1,0
279,0,3,0,7.0,5.3967582862307255,1,0,0,0,1,0,4,5
280,1,3,1,35.0,4.5,0,1,0,1,0,0,2,2
281,0,3,0,65.0,2.7838821814150108,1,0,0,0,0,0,1,0
282,0,3,0,28.0,2.8025345671373976,0,1,0,0,0,0,1,0
283,0,3,0,16.0,3.082207001484488,0,1,1,0,0,0,1,0
284,1,3,0,19.0,2.8372521918222215,0,1,1,0,0,0,1,0
285,0,1,0,38.233440860215055,5.0990195135927845,0,1,0,0,1,0,1,0
286,0,3,0,33.0,2.9432125305522874,0,0,1,0,0,0,1,0
287,1,3,0,30.0,3.082207001484488,0,1,1,0,0,0,1,0
288,0,3,0,22.0,2.8099466187100424,0,1,1,0,0,0,1,0
289,1,2,0,42.0,3.605551275463989,0,1,0,1,0,0,1,0
290,1,3,1,22.0,2.7838821814150108,1,0,0,0,0,0,3,0
291,1,1,1,26.0,8.879752248796134,0,1,0,0,0,1,3,0
292,1,1,1,19.0,9.543542319285853,0,0,0,0,0,1,2,1
293,0,2,0,36.0,3.588175023601831,0,0,0,1,0,0,1,0
294,0,3,1,24.0,2.9748949561287032,0,1,1,0,0,0,3,0
295,0,3,0,24.0,2.8099466187100424,0,1,1,0,0,0,1,0
296,0,1,0,38.233440860215055,5.26505460560477,0,0,0,0,1,0,1,0
297,0,3,0,23.5,2.688717166233741,0,0,0,0,0,0,1,0
298,0,1,1,2.0,12.310564568694646,0,1,0,0,0,1,3,3
299,1,1,0,38.233440860215055,5.522680508593631,0,1,0,0,1,0,1,0
300,1,1,1,50.0,15.732793776058974,0,0,0,0,0,1,2,1
301,1,3,1,25.14061971830986,2.7838821814150108,1,0,0,0,0,0,3,0
302,1,3,0,25.14061971830986,4.8218253804964775,1,0,0,0,1,0,1,2
303,0,3,0,19.0,0.0,0,1,0,0,0,0,1,0
304,1,2,1,29.87763005780347,3.5142566781611158,1,0,0,1,0,0,3,0
305,0,3,0,25.14061971830986,2.8372521918222215,0,1,1,0,0,0,1,0
306,1,1,0,0.92,12.310564568694646,0,1,0,0,0,1,4,3
307,1,1,1,38.233440860215055,10.530113959497305,0,0,0,0,0,1,3,0
308,1,1,1,17.0,10.435516278555651,0,0,0,0,0,1,2,1
309,0,2,0,30.0,4.898979485566356,0,0,0,0,1,0,1,1
310,1,1,1,30.0,7.5451441338121565,0,0,0,0,0,1,3,0
311,1,1,1,24.0,9.119117281842579,0,0,0,0,0,1,3,0
312,1,1,1,18.0,16.197993702925064,0,0,0,0,0,1,3,4
313,0,2,1,26.0,5.0990195135927845,0,1,0,0,1,0,2,2
314,0,3,0,28.0,2.8099466187100424,0,1,1,0,0,0,1,0
315,0,2,0,43.0,5.123475382979799,0,1,0,0,1,0,1,2
316,1,3,1,26.0,2.8025345671373976,0,1,0,0,0,0,3,0
317,1,2,1,24.0,5.0990195135927845,0,1,0,0,1,0,2,1
318,0,2,0,54.0,3.7416573867739413,0,1,0,1,0,0,6,0
319,1,1,1,31.0,12.840042834819517,0,1,0,0,0,1,3,2
320,1,1,1,40.0,11.597413504743201,0,0,0,0,0,1,2,2
321,0,3,0,22.0,2.692582403567252,0,1,0,0,0,0,1,0
322,0,3,0,27.0,2.8099466187100424,0,1,1,0,0,0,1,0
323,1,2,1,30.0,3.5142566781611158,1,0,0,1,0,0,3,0
324,1,2,1,22.0,5.385164807134504,0,1,0,0,1,0,2,2
325,0,3,0,25.14061971830986,8.33966426182733,0,1,0,0,0,1,1,10
326,1,1,1,36.0,11.646171044596588,0,0,0,0,0,1,3,0
327,0,3,0,61.0,2.4974987487484355,0,1,0,0,0,0,1,0
328,1,2,1,36.0,3.605551275463989,0,1,0,1,0,0,2,0
329,1,3,1,31.0,4.530452516029718,0,1,0,1,0,0,2,2
330,1,1,1,16.0,7.6144073965082795,0,0,0,0,0,1,3,1
331,1,3,1,25.14061971830986,4.8218253804964775,1,0,0,0,1,0,3,2
332,0,1,0,45.5,5.338539126015656,0,1,0,0,1,0,1,0
333,0,1,0,38.0,12.3879982240877,0,1,0,0,0,1,1,1
334,0,3,0,16.0,4.242640687119285,0,1,0,1,0,0,1,2
335,1,1,1,38.233440860215055,11.560709320798617,0,1,0,0,0,1,2,1
336,0,3,0,25.14061971830986,2.8099466187100424,0,1,1,0,0,0,1,0
337,0,1,0,29.0,8.160882305241266,0,1,0,0,0,1,1,1
338,1,1,1,41.0,11.597413504743201,0,0,0,0,0,1,3,0
339,1,3,0,45.0,2.8372521918222215,0,1,1,0,0,0,1,0
340,0,1,0,45.0,5.958187643906492,0,1,0,0,1,0,1,0
341,1,2,0,2.0,5.0990195135927845,0,1,0,0,1,0,4,2
342,1,1,1,24.0,16.217274740226856,0,1,0,0,0,1,3,5
343,0,2,0,28.0,3.605551275463989,0,1,0,1,0,0,1,0
344,0,2,0,25.0,3.605551275463989,0,1,0,1,0,0,1,0
345,0,2,0,36.0,3.605551275463989,0,1,0,1,0,0,1,0
346,1,2,1,24.0,3.605551275463989,0,1,0,1,0,0,3,0
347,1,2,1,40.0,3.605551275463989,0,1,0,1,0,0,3,0
348,1,3,1,25.14061971830986,4.012480529547776,0,1,0,1,0,0,2,1
349,1,3,0,3.0,3.987480407475377,0,1,0,1,0,0,4,2
350,0,3,0,42.0,2.9432125305522874,0,1,1,0,0,0,1,0
351,0,3,0,23.0,3.037268509697488,0,1,1,0,0,0,1,0
352,0,1,0,38.233440860215055,5.916079783099616,0,1,0,0,1,0,1,0
353,0,3,0,15.0,2.688717166233741,0,0,0,0,0,0,1,2
354,0,3,0,25.0,4.219004621945797,0,1,0,1,0,0,1,1
355,0,3,0,25.14061971830986,2.6879360111431225,0,0,0,0,0,0,1,0
356,0,3,0,28.0,3.082207001484488,0,1,1,0,0,0,1,0
357,1,1,1,22.0,7.416198487095663,0,1,0,0,0,1,3,1
358,0,2,1,38.0,3.605551275463989,0,1,0,1,0,0,3,0
359,1,3,1,25.14061971830986,2.806991271806879,1,0,1,0,0,0,3,0
360,1,3,1,25.14061971830986,2.806991271806879,1,0,1,0,0,0,3,0
361,0,3,0,40.0,5.282045058497703,0,1,0,0,1,0,1,5
362,0,2,0,29.0,5.26505460560477,0,0,0,0,1,0,1,1
363,0,3,1,45.0,3.8018679619366056,0,0,0,1,0,0,2,1
364,0,3,0,35.0,2.6551836094703507,0,1,0,0,0,0,1,0
365,0,3,0,25.14061971830986,3.9370039370059056,1,0,0,1,0,0,1,1
366,0,3,0,30.0,2.692582403567252,0,1,0,0,0,0,1,0
367,1,1,1,60.0,8.674675786448736,0,0,0,0,0,1,2,1
368,1,3,1,25.14061971830986,2.688717166233741,0,0,0,0,0,0,2,0
369,1,3,1,25.14061971830986,2.7838821814150108,1,0,0,0,0,0,3,0
370,1,1,1,24.0,8.324662155306964,0,0,0,0,0,1,5,0
371,1,1,0,25.0,7.445918344972633,0,0,0,0,0,1,1,1
372,0,3,0,18.0,2.5486859359285523,0,1,0,0,0,0,1,1
373,0,3,0,19.0,2.8372521918222215,0,1,1,0,0,0,1,0
374,0,1,0,22.0,11.646171044596588,0,0,0,0,0,1,1,0
375,0,3,1,3.0,4.590751572455212,0,1,0,1,0,0,3,4
376,1,1,1,38.233440860215055,9.064811084628294,0,0,0,0,0,1,2,1
377,1,3,1,22.0,2.692582403567252,0,1,0,0,0,0,3,0
378,0,1,0,27.0,14.543039572248986,0,0,0,0,0,1,1,2
379,0,3,0,20.0,2.003122562401013,0,0,0,0,0,0,1,0
380,0,3,0,19.0,2.7883686987197374,0,1,0,0,0,0,1,0
381,1,1,1,42.0,15.083931848162136,0,0,0,0,0,1,3,0
382,1,3,1,1.0,3.967581127084864,0,0,0,1,0,0,3,2
383,0,3,0,32.0,2.8151376520518494,0,1,1,0,0,0,1,0
384,1,1,1,35.0,7.211102550927978,0,1,0,0,0,1,2,1
385,0,3,0,25.14061971830986,2.8099466187100424,0,1,1,0,0,0,1,0
386,0,2,0,18.0,8.573214099741124,0,1,0,0,0,1,1,0
387,0,3,0,1.0,6.848357467305573,0,1,0,0,0,1,4,7
388,1,2,1,36.0,3.605551275463989,0,1,0,1,0,0,3,0
389,0,3,0,25.14061971830986,2.7801438811687427,1,0,0,0,0,0,1,0
390,1,2,1,17.0,3.4641016151377544,0,0,0,1,0,0,3,0
391,1,1,0,36.0,10.954451150103322,0,1,0,0,0,1,1,3
392,1,3,0,21.0,2.792095986888703,0,1,0,0,0,0,1,0
393,0,3,0,28.0,2.8151376520518494,0,1,1,0,0,0,1,2
394,1,1,1,23.0,10.643072864544337,0,0,0,0,0,1,3,1
395,1,3,1,24.0,4.08656334834051,0,1,0,1,0,0,2,2
396,0,3,0,22.0,2.792095986888703,0,1,0,0,0,0,1,0
397,0,3,1,31.0,2.8025345671373976,0,1,0,0,0,0,3,0
398,0,2,0,46.0,5.0990195135927845,0,1,0,0,1,0,1,0
399,0,2,0,23.0,3.24037034920393,0,1,1,0,0,0,6,0
400,1,2,1,28.0,3.556683848755748,0,1,0,1,0,0,2,0
401,1,3,0,39.0,2.8151376520518494,0,1,1,0,0,0,1,0
402,0,3,0,26.0,2.8372521918222215,0,1,1,0,0,0,1,0
403,0,3,1,21.0,3.1344856037314957,0,1,1,0,0,0,3,1
404,0,3,0,28.0,3.9812058474788765,0,1,0,1,0,0,1,1
405,0,3,1,20.0,2.9432125305522874,0,1,1,0,0,0,3,0
406,0,2,0,34.0,4.58257569495584,0,1,0,1,0,0,1,1
407,0,3,0,51.0,2.7838821814150108,0,1,0,0,0,0,1,0
408,1,2,0,3.0,4.330127018922194,0,1,0,1,0,0,4,2
409,0,3,0,21.0,2.7883686987197374,0,1,0,0,0,0,1,0
410,0,3,1,25.14061971830986,5.046454200723514,0,1,0,0,1,0,3,4
411,0,3,0,25.14061971830986,2.8099466187100424,0,1,1,0,0,0,1,0
412,0,3,0,25.14061971830986,2.6188356191254156,1,0,0,0,0,0,1,0
413,1,1,1,33.0,9.486832980505138,1,0,0,0,0,1,3,1
414,0,2,0,29.87763005780347,0.0,0,1,0,0,0,0,1,0
415,1,3,0,44.0,2.8151376520518494,0,1,1,0,0,0,1,0
416,0,3,1,25.14061971830986,2.8372521918222215,0,1,1,0,0,0,2,0
417,1,2,1,34.0,5.70087712549569,0,1,0,0,1,0,2,2
418,1,2,1,18.0,3.605551275463989,0,1,0,1,0,0,3,2
419,0,2,0,30.0,3.605551275463989,0,1,0,1,0,0,1,0
420,0,3,1,10.0,4.914264950122246,0,1,0,0,1,0,3,2
421,0,3,0,25.14061971830986,2.8099466187100424,0,0,1,0,0,0,1,0
422,0,3,0,21.0,2.780881155317501,1,0,0,0,0,0,1,0
423,0,3,0,29.0,2.806243040080456,0,1,1,0,0,0,1,0
424,0,3,1,28.0,3.794733192202055,0,1,0,1,0,0,2,2
425,0,3,0,18.0,4.495831402532795,0,1,0,1,0,0,1,2
426,0,3,0,25.14061971830986,2.692582403567252,0,1,0,0,0,0,1,0
427,1,2,1,28.0,5.0990195135927845,0,1,0,0,1,0,2,1
428,1,2,1,19.0,5.0990195135927845,0,1,0,0,1,0,3,0
429,0,3,0,25.14061971830986,2.7838821814150108,1,0,0,0,0,0,1,0
430,1,3,0,32.0,2.8372521918222215,0,1,1,0,0,0,1,0
431,1,1,0,28.0,5.152669211195301,0,1,0,0,1,0,1,0
432,1,3,1,25.14061971830986,4.012480529547776,0,1,0,1,0,0,2,1
433,1,2,1,42.0,5.0990195135927845,0,1,0,0,1,0,2,1
434,0,3,0,17.0,2.669269563007828,0,1,0,0,0,0,1,0
435,0,1,0,50.0,7.476630257007497,0,1,0,0,0,1,1,1
436,1,1,1,14.0,10.954451150103322,0,1,0,0,0,1,3,3
437,0,3,1,21.0,5.863019699779287,0,1,0,0,1,0,3,4
438,1,2,1,24.0,4.330127018922194,0,1,0,1,0,0,2,5
439,0,1,0,64.0,16.217274740226856,0,1,0,0,0,1,1,5
440,0,2,0,31.0,3.24037034920393,0,1,1,0,0,0,1,0
441,1,2,1,45.0,5.123475382979799,0,1,0,0,1,0,2,2
442,0,3,0,20.0,3.082207001484488,0,1,1,0,0,0,1,0
443,0,3,0,25.0,2.7883686987197374,0,1,0,0,0,0,1,1
444,1,2,1,28.0,3.605551275463989,0,1,0,1,0,0,5,0
445,1,3,0,25.14061971830986,2.8482450737252227,0,1,1,0,0,0,1,0
446,1,1,0,4.0,9.047557681496151,0,1,0,0,0,1,4,2
447,1,2,1,13.0,4.415880433163924,0,1,0,1,0,0,3,1
448,1,1,0,34.0,5.152669211195301,0,1,0,0,1,0,1,0
449,1,3,1,5.0,4.388427964544935,0,0,0,1,0,0,3,3
450,1,1,0,52.0,5.522680508593631,0,1,0,0,1,0,5,0
451,0,2,0,36.0,5.267826876426369,0,1,0,0,1,0,1,3
452,0,3,0,25.14061971830986,4.468411350804669,0,1,0,1,0,0,1,1
453,0,1,0,30.0,5.267826876426369,0,0,0,0,1,0,1,0
454,1,1,0,49.0,9.439502105513828,0,0,0,0,0,1,1,1
455,0,3,0,25.14061971830986,2.8372521918222215,0,1,1,0,0,0,1,0
456,1,3,0,29.0,2.8099466187100424,0,0,1,0,0,0,1,0
457,0,1,0,65.0,5.152669211195301,0,1,0,0,1,0,1,0
458,1,1,1,38.233440860215055,7.201562330494682,0,1,0,0,0,1,2,1
459,1,2,1,50.0,3.24037034920393,0,1,1,0,0,0,3,0
460,0,3,0,25.14061971830986,2.7838821814150108,1,0,0,0,0,0,1,0
461,1,1,0,48.0,5.152669211195301,0,1,0,0,1,0,1,0
462,0,3,0,34.0,2.8372521918222215,0,1,1,0,0,0,1,0
463,0,1,0,47.0,6.2048368229954285,0,1,0,0,1,0,1,0
464,0,2,0,48.0,3.605551275463989,0,1,0,1,0,0,1,0
465,0,3,0,25.14061971830986,2.8372521918222215,0,1,1,0,0,0,1,0
466,0,3,0,38.0,2.6551836094703507,0,1,0,0,0,0,1,0
467,0,2,0,29.87763005780347,0.0,0,1,0,0,0,0,1,0
468,0,1,0,56.0,5.152669211195301,0,1,0,0,1,0,1,0
469,0,3,0,25.14061971830986,2.779388421937459,1,0,0,0,0,0,1,0
470,1,3,1,0.75,4.388427964544935,0,0,0,1,0,0,3,3
471,0,3,0,25.14061971830986,2.692582403567252,0,1,0,0,0,0,1,0
472,0,3,0,38.0,2.9432125305522874,0,1,1,0,0,0,1,0
473,1,2,1,33.0,5.267826876426369,0,1,0,0,1,0,2,3
474,1,2,1,23.0,3.713717813727909,0,0,0,1,0,0,2,0
475,0,3,1,22.0,3.136478917512439,0,1,1,0,0,0,3,0
476,0,1,0,38.233440860215055,7.211102550927978,0,1,0,0,0,1,1,0
477,0,2,0,34.0,4.58257569495584,0,1,0,1,0,0,1,1
478,0,3,0,29.0,2.654392585884763,0,1,0,0,0,0,1,1
479,0,3,0,22.0,2.7424077012727337,0,1,0,0,0,0,1,0
480,1,3,1,2.0,3.5053530492662217,0,1,0,1,0,0,3,1
481,0,3,0,9.0,6.848357467305573,0,1,0,0,0,1,4,7
482,0,2,0,29.87763005780347,0.0,0,1,0,0,0,0,1,0
483,0,3,0,50.0,2.8372521918222215,0,1,1,0,0,0,1,0
484,1,3,1,63.0,3.096368841078207,0,1,1,0,0,0,2,0
485,1,1,0,25.0,9.543542319285853,0,0,0,0,0,1,1,1
486,0,3,1,25.14061971830986,5.046454200723514,0,1,0,0,1,0,3,4
487,1,1,1,35.0,9.486832980505138,0,1,0,0,0,1,2,1
488,0,1,0,58.0,5.449770637375485,0,0,0,0,1,0,1,0
489,0,3,0,30.0,2.8372521918222215,0,1,1,0,0,0,1,0
490,1,3,0,9.0,3.987480407475377,0,1,0,1,0,0,4,2
491,0,3,0,25.14061971830986,4.468411350804669,0,1,0,1,0,0,1,1
492,0,3,0,21.0,2.692582403567252,0,1,0,0,0,0,1,0
493,0,1,0,55.0,5.522680508593631,0,1,0,0,1,0,1,0
494,0,1,0,71.0,7.035922114406896,0,0,0,0,0,1,1,0
495,0,3,0,21.0,2.8372521918222215,0,1,1,0,0,0,1,0
496,0,3,0,25.14061971830986,3.802407132330782,0,0,0,1,0,0,1,0
497,1,1,1,54.0,8.846846895928515,0,0,0,0,0,1,3,1
498,0,3,0,25.14061971830986,3.8858718455450894,0,1,0,1,0,0,1,0
499,0,1,1,25.0,12.310564568694646,0,1,0,0,0,1,2,3
500,0,3,0,24.0,2.792095986888703,0,1,0,0,0,0,1,0
501,0,3,0,17.0,2.9432125305522874,0,1,1,0,0,0,1,0
502,0,3,1,21.0,2.7838821814150108,1,0,0,0,0,0,3,0
503,0,3,1,25.14061971830986,2.7621006498677776,1,0,0,0,0,0,3,0
504,0,3,1,37.0,3.096368841078207,0,1,1,0,0,0,3,0
505,1,1,1,16.0,9.300537618869138,0,1,0,0,0,1,3,0
506,0,1,0,18.0,10.435516278555651,0,0,0,0,0,1,1,1
507,1,2,1,33.0,5.0990195135927845,0,1,0,0,1,0,2,2
508,1,1,0,38.233440860215055,5.152669211195301,0,1,0,0,1,0,1,0
509,0,3,0,28.0,4.746050990033714,0,1,0,0,1,0,1,0
510,1,3,0,26.0,7.516368804150047,0,1,0,0,0,1,1,0
511,1,3,0,29.0,2.7838821814150108,1,0,0,0,0,0,1,0
512,0,3,0,25.14061971830986,2.8372521918222215,0,1,1,0,0,0,1,0
513,1,1,0,36.0,5.127133702177075,0,1,0,0,1,0,1,0
514,1,1,1,54.0,7.707139547199077,0,0,0,0,0,1,2,1
515,0,3,0,24.0,2.7378458685616325,0,1,0,0,0,0,1,0
516,0,1,0,47.0,5.8327352074305585,0,1,0,0,1,0,1,0
517,1,2,1,34.0,3.24037034920393,0,1,1,0,0,0,2,0
518,0,3,0,25.14061971830986,4.914264950122246,1,0,0,0,1,0,1,0
519,1,2,1,36.0,5.0990195135927845,0,1,0,0,1,0,2,1
520,0,3,0,32.0,2.8099466187100424,0,1,1,0,0,0,1,0
521,1,1,1,30.0,9.669539802906858,0,1,0,0,0,1,3,0
522,0,3,0,22.0,2.8099466187100424,0,1,1,0,0,0,1,0
523,0,3,0,25.14061971830986,2.6879360111431225,0,0,0,0,0,0,1,0
524,1,1,1,44.0,7.6144073965082795,0,0,0,0,0,1,2,1
525,0,3,0,25.14061971830986,2.688717166233741,0,0,0,0,0,0,1,0
526,0,3,0,40.5,2.7838821814150108,1,0,0,0,0,0,1,0
527,1,2,1,50.0,3.24037034920393,0,1,1,0,0,0,3,0
528,0,1,0,38.233440860215055,14.892253019607208,0,1,0,0,0,1,1,0
529,0,3,0,39.0,2.8151376520518494,0,1,1,0,0,0,1,0
530,0,2,0,23.0,3.391164991562634,0,1,0,1,0,0,1,3
531,1,2,1,2.0,5.0990195135927845,0,1,0,0,1,0,3,2
532,0,3,0,25.14061971830986,2.688717166233741,0,0,0,0,0,0,1,0
533,0,3,0,17.0,2.688717166233741,0,0,0,0,0,0,1,2
534,1,3,1,25.14061971830986,4.728456407750842,0,0,0,0,1,0,2,2
535,0,3,1,30.0,2.9432125305522874,0,1,1,0,0,0,3,0
536,1,2,1,7.0,5.123475382979799,0,1,0,0,1,0,3,2
537,0,1,0,45.0,5.152669211195301,0,1,0,0,1,0,5,0
538,1,1,1,30.0,10.316249318429639,0,0,0,0,0,1,3,0
539,0,3,0,25.14061971830986,3.8078865529319543,0,1,0,1,0,0,1,0
540,1,1,1,22.0,7.035623639735144,0,0,0,0,0,1,3,2
541,1,1,1,36.0,8.426149773176359,0,1,0,0,0,1,3,2
542,0,3,1,9.0,5.592405564692174,0,1,0,0,1,0,3,6
543,0,3,1,11.0,5.592405564692174,0,1,0,0,1,0,3,6
544,1,2,0,32.0,5.0990195135927845,0,1,0,0,1,0,1,1
545,0,1,0,50.0,10.316249318429639,0,0,0,0,0,1,1,1
546,0,1,0,64.0,5.0990195135927845,0,1,0,0,1,0,1,0
547,1,2,1,19.0,5.0990195135927845,0,1,0,0,1,0,2,1
548,1,2,0,29.87763005780347,3.723237838226293,0,0,0,1,0,0,1,0
549,0,3,0,33.0,4.530452516029718,0,1,0,1,0,0,1,2
550,1,2,0,8.0,6.06217782649107,0,1,0,0,1,0,4,2
551,1,1,0,17.0,10.530113959497305,0,0,0,0,0,1,1,2
552,0,2,0,27.0,5.0990195135927845,0,1,0,0,1,0,1,0
553,0,3,0,25.14061971830986,2.798070763937181,1,0,0,0,0,0,1,0
554,1,3,0,22.0,2.6879360111431225,0,0,0,0,0,0,1,0
555,1,3,1,22.0,2.7883686987197374,0,1,0,0,0,0,3,0
556,0,1,0,62.0,5.152669211195301,0,1,0,0,1,0,1,0
557,1,1,1,48.0,6.29285308902091,0,0,0,0,1,0,5,1
558,0,1,0,38.233440860215055,15.083931848162136,0,0,0,0,0,1,1,0
559,1,1,1,39.0,8.92468486838611,0,1,0,0,0,1,2,2
560,1,3,1,36.0,4.171330722922842,0,1,0,1,0,0,2,1
561,0,3,0,25.14061971830986,2.7838821814150108,1,0,0,0,0,0,1,0
562,0,3,0,40.0,2.8099466187100424,0,1,1,0,0,0,1,0
563,0,2,0,28.0,3.6742346141747673,0,1,0,1,0,0,1,0
564,0,3,0,25.14061971830986,2.8372521918222215,0,1,1,0,0,0,1,0
565,0,3,1,25.14061971830986,2.8372521918222215,0,1,1,0,0,0,3,0
566,0,3,0,24.0,4.914264950122246,0,1,0,0,1,0,1,2
567,0,3,0,19.0,2.8099466187100424,0,1,1,0,0,0,1,0
568,0,3,1,29.0,4.590751572455212,0,1,0,1,0,0,2,4
569,0,3,0,25.14061971830986,2.688717166233741,0,0,0,0,0,0,1,0
570,1,3,0,32.0,2.8025345671373976,0,1,0,0,0,0,1,0
571,1,2,0,62.0,3.24037034920393,0,1,1,0,0,0,1,0
572,1,1,1,53.0,7.174900696176916,0,1,0,0,0,1,2,2
573,1,1,0,36.0,5.136876482844414,0,1,0,0,1,0,1,0
574,1,3,1,25.14061971830986,2.7838821814150108,1,0,0,0,0,0,3,0
575,0,3,0,16.0,2.8372521918222215,0,1,1,0,0,0,1,0
576,0,3,0,19.0,3.8078865529319543,0,1,0,1,0,0,1,0
577,1,2,1,34.0,3.605551275463989,0,1,0,1,0,0,3,0
578,1,1,1,39.0,7.476630257007497,0,1,0,0,0,1,2,1
579,0,3,1,25.14061971830986,3.802407132330782,0,0,0,1,0,0,2,1
580,1,3,0,32.0,2.8151376520518494,0,1,1,0,0,0,1,0
581,1,2,1,25.0,5.477225575051661,0,1,0,0,1,0,3,2
582,1,1,1,39.0,10.530113959497305,0,0,0,0,0,1,2,2
583,0,2,0,54.0,5.0990195135927845,0,1,0,0,1,0,1,0
584,0,1,0,36.0,6.334429729659964,0,0,0,0,0,1,1,0
585,0,3,0,25.14061971830986,2.9516944286290885,0,0,1,0,0,0,1,0
586,1,1,1,18.0,8.92468486838611,0,1,0,0,0,1,3,2
587,0,2,0,47.0,3.872983346207417,0,1,0,1,0,0,1,0
588,1,1,0,60.0,8.899438184514796,0,0,0,0,0,1,1,2
589,0,3,0,22.0,2.8372521918222215,0,1,1,0,0,0,1,0
590,0,3,0,25.14061971830986,2.8372521918222215,0,1,1,0,0,0,1,0
591,0,3,0,35.0,2.669269563007828,0,1,0,0,0,0,1,0
592,1,1,1,52.0,8.846846895928515,0,0,0,0,0,1,2,1
593,0,3,0,47.0,2.692582403567252,0,1,0,0,0,0,1,0
594,0,3,1,25.14061971830986,2.7838821814150108,1,0,0,0,0,0,3,2
595,0,2,0,37.0,5.0990195135927845,0,1,0,0,1,0,1,1
596,0,3,0,36.0,4.914264950122246,0,1,0,0,1,0,1,2
597,1,2,1,29.87763005780347,5.744562646538029,0,1,0,0,1,0,3,0
598,0,3,0,49.0,0.0,0,1,0,0,0,0,1,0
599,0,3,0,25.14061971830986,2.6879360111431225,0,0,0,0,0,0,1,0
600,1,1,0,49.0,7.5451441338121565,0,0,0,0,0,1,5,1
601,1,2,1,24.0,5.196152422706632,0,1,0,0,1,0,2,3
602,0,3,0,25.14061971830986,2.8099466187100424,0,1,1,0,0,0,1,0
603,0,1,0,38.233440860215055,6.511528238439882,0,1,0,0,0,1,1,0
604,0,3,0,44.0,2.8372521918222215,0,1,1,0,0,0,1,0
605,1,1,0,35.0,5.152669211195301,0,0,0,0,1,0,1,0
606,0,3,0,36.0,3.943348830626071,0,1,0,1,0,0,1,1
607,0,3,0,30.0,2.8099466187100424,0,1,1,0,0,0,1,0
608,1,1,0,27.0,5.522680508593631,0,1,0,0,1,0,1,0
609,1,2,1,22.0,6.448193545482331,0,0,0,0,0,1,2,3
610,1,1,1,40.0,12.3879982240877,0,1,0,0,0,1,3,0
611,0,3,1,39.0,5.592405564692174,0,1,0,0,1,0,2,6
612,0,3,0,25.14061971830986,2.6551836094703507,0,1,0,0,0,0,1,0
613,1,3,1,25.14061971830986,3.9370039370059056,1,0,0,1,0,0,3,1
614,0,3,0,25.14061971830986,2.7838821814150108,1,0,0,0,0,0,1,0
615,0,3,0,35.0,2.8372521918222215,0,1,1,0,0,0,1,0
616,1,2,1,24.0,8.06225774829855,0,1,0,0,0,1,3,3
617,0,3,0,34.0,3.794733192202055,0,1,0,1,0,0,1,2
618,0,3,1,26.0,4.012480529547776,0,1,0,1,0,0,2,1
619,1,2,1,4.0,6.244997998398398,0,1,0,0,1,0,3,3
620,0,2,0,26.0,3.24037034920393,0,1,1,0,0,0,1,0
621,0,3,0,27.0,3.8018679619366056,0,0,0,1,0,0,1,1
622,1,1,0,42.0,7.24942756360804,0,1,0,0,0,1,1,1
623,1,3,0,20.0,3.967581127084864,0,0,0,1,0,0,1,2
624,0,3,0,21.0,2.8025345671373976,0,1,0,0,0,0,1,0
625,0,3,0,21.0,4.012480529547776,0,1,0,1,0,0,1,0
626,0,1,0,61.0,5.685138520739842,0,1,0,0,1,0,1,0
627,0,2,0,57.0,3.5142566781611158,1,0,0,1,0,0,5,0
628,1,1,1,21.0,8.829399753097602,0,1,0,0,0,1,3,0
629,0,3,0,26.0,2.8099466187100424,0,1,1,0,0,0,1,0
630,0,3,0,25.14061971830986,2.780881155317501,1,0,0,0,0,0,1,0
631,1,1,0,80.0,5.477225575051661,0,1,0,0,1,0,1,0
632,0,3,0,51.0,2.6559743974669634,0,1,0,0,0,0,1,0
633,1,1,0,32.0,5.522680508593631,0,0,0,0,1,0,6,0
634,0,1,0,38.233440860215055,0.0,0,1,0,0,0,0,1,0
635,0,3,1,9.0,5.282045058497703,0,1,0,0,1,0,3,5
636,1,2,1,28.0,3.605551275463989,0,1,0,1,0,0,3,0
637,0,3,0,32.0,2.8151376520518494,0,1,1,0,0,0,1,0
638,0,2,0,31.0,5.123475382979799,0,1,0,0,1,0,1,2
639,0,3,1,41.0,6.299801584177076,0,1,0,0,1,0,2,5
640,0,3,0,25.14061971830986,4.012480529547776,0,1,0,1,0,0,1,1
641,0,3,0,20.0,2.8025345671373976,0,1,0,0,0,0,1,0
642,1,1,1,24.0,8.324662155306964,0,0,0,0,0,1,5,0
643,0,3,1,2.0,5.282045058497703,0,1,0,0,1,0,3,5
644,1,3,0,25.14061971830986,7.516368804150047,0,1,0,0,0,1,1,0
645,1,3,1,0.75,4.388427964544935,0,0,0,1,0,0,3,3
646,1,1,0,48.0,8.75952053482381,0,0,0,0,0,1,1,1
647,0,3,0,19.0,2.8099466187100424,0,1,1,0,0,0,1,0
648,1,1,0,56.0,5.958187643906492,0,0,0,0,1,0,5,0
649,0,3,0,25.14061971830986,2.7477263328068173,0,1,0,0,0,0,1,0
650,1,3,1,23.0,2.7477263328068173,0,1,0,0,0,0,3,0
651,0,3,0,25.14061971830986,2.8099466187100424,0,1,1,0,0,0,1,0
652,1,2,1,18.0,4.795831523312719,0,1,0,0,1,0,3,1
653,0,3,0,21.0,2.904014462773903,0,1,1,0,0,0,1,0
654,1,3,1,25.14061971830986,2.798070763937181,1,0,0,0,0,0,3,0
655,0,3,1,18.0,2.598076211353316,1,0,0,0,0,0,3,0
656,0,2,0,24.0,8.573214099741124,0,1,0,0,0,1,1,2
657,0,3,0,25.14061971830986,2.8099466187100424,0,1,1,0,0,0,1,0
658,0,3,1,32.0,3.9370039370059056,1,0,0,1,0,0,2,2
659,0,2,0,23.0,3.605551275463989,0,1,0,1,0,0,1,0
660,0,1,0,58.0,10.643072864544337,0,0,0,0,0,1,1,2
661,1,1,0,50.0,11.560709320798617,0,1,0,0,0,1,6,2
662,0,3,0,40.0,2.6879360111431225,0,0,0,0,0,0,1,0
663,0,1,0,47.0,5.0584088407324295,0,1,0,0,1,0,1,0
664,0,3,0,36.0,2.7378458685616325,0,1,0,0,0,0,1,0
665,1,3,0,20.0,2.8151376520518494,0,1,1,0,0,0,1,1
666,0,2,0,32.0,8.573214099741124,0,1,0,0,0,1,1,2
667,0,2,0,25.0,3.605551275463989,0,1,0,1,0,0,1,0
668,0,3,0,25.14061971830986,2.7883686987197374,0,1,0,0,0,0,1,0
669,0,3,0,43.0,2.8372521918222215,0,1,1,0,0,0,1,0
670,1,1,1,38.233440860215055,7.211102550927978,0,1,0,0,0,1,2,1
671,1,2,1,40.0,6.244997998398398,0,1,0,0,1,0,2,2
672,0,1,0,31.0,7.211102550927978,0,1,0,0,0,1,1,1
673,0,2,0,70.0,3.24037034920393,0,1,1,0,0,0,1,0
674,1,2,0,31.0,3.605551275463989,0,1,0,1,0,0,1,0
675,0,2,0,29.87763005780347,0.0,0,1,0,0,0,0,1,0
676,0,3,0,18.0,2.7883686987197374,0,1,0,0,0,0,1,0
677,0,3,0,24.5,2.8372521918222215,0,1,1,0,0,0,1,0
678,1,3,1,18.0,3.137148386672202,0,1,1,0,0,0,3,0
679,0,3,1,43.0,6.848357467305573,0,1,0,0,0,1,2,7
680,1,1,0,36.0,22.634690190060034,0,0,0,0,0,1,1,1
681,0,3,1,25.14061971830986,2.8526303651191824,1,0,1,0,0,0,3,0
682,1,1,0,27.0,8.75952053482381,0,0,0,0,0,1,1,0
683,0,3,0,20.0,3.037268509697488,0,1,1,0,0,0,1,0
684,0,3,0,14.0,6.848357467305573,0,1,0,0,0,1,1,7
685,0,2,0,60.0,6.244997998398398,0,1,0,0,1,0,1,2
686,0,2,0,25.0,6.448193545482331,0,0,0,0,0,1,1,3
687,0,3,0,14.0,6.299801584177076,0,1,0,0,1,0,1,5
688,0,3,0,19.0,3.1891691708029537,0,1,1,0,0,0,1,0
689,0,3,0,18.0,2.792095986888703,0,1,0,0,0,0,1,0
690,1,1,1,15.0,14.537451633625475,0,1,0,0,0,1,3,1
691,1,1,0,31.0,7.54983443527075,0,1,0,0,0,1,1,1
692,1,3,1,4.0,3.662881379460711,0,0,0,1,0,0,3,1
693,1,3,0,25.14061971830986,7.516368804150047,0,1,0,0,0,1,1,0
694,0,3,0,25.0,2.6879360111431225,0,0,0,0,0,0,1,0
695,0,1,0,60.0,5.152669211195301,0,1,0,0,1,0,5,0
696,0,2,0,52.0,3.6742346141747673,0,1,0,1,0,0,1,0
697,0,3,0,44.0,2.8372521918222215,0,1,1,0,0,0,1,0
698,1,3,1,25.14061971830986,2.780881155317501,1,0,0,0,0,0,3,0
699,0,1,0,49.0,10.530113959497305,0,0,0,0,0,1,1,2
700,0,3,0,42.0,2.7658633371878665,0,1,0,0,0,0,1,0
701,1,1,1,18.0,15.083931848162136,0,0,0,0,0,1,2,1
702,1,1,0,35.0,5.127133702177075,0,1,0,0,1,0,1,0
703,0,3,1,18.0,3.8018679619366056,0,0,0,1,0,0,3,1
704,0,3,0,25.0,2.7823910580649875,1,0,0,0,0,0,1,0
705,0,3,0,26.0,2.8025345671373976,0,1,0,0,0,0,1,1
706,0,2,0,39.0,5.0990195135927845,0,1,0,0,1,0,1,0
707,1,2,1,45.0,3.6742346141747673,0,1,0,1,0,0,2,0
708,1,1,0,42.0,5.127133702177075,0,1,0,0,1,0,1,0
709,1,1,1,22.0,12.310564568694646,0,1,0,0,0,1,3,0
710,1,3,0,25.14061971830986,3.9045870460267627,0,0,0,1,0,0,4,2
711,1,1,1,24.0,7.035922114406896,0,0,0,0,0,1,5,0
712,0,1,0,38.233440860215055,5.152669211195301,0,1,0,0,1,0,1,0
713,1,1,0,48.0,7.211102550927978,0,1,0,0,0,1,1,1
714,0,3,0,29.0,3.0794967121268373,0,1,1,0,0,0,1,0
715,0,2,0,52.0,3.605551275463989,0,1,0,1,0,0,1,0
716,0,3,0,19.0,2.7658633371878665,0,1,0,0,0,0,1,0
717,1,1,1,38.0,15.083931848162136,0,0,0,0,0,1,3,0
718,1,2,1,27.0,3.24037034920393,0,1,1,0,0,0,3,0
719,0,3,0,25.14061971830986,3.9370039370059056,1,0,0,1,0,0,1,0
720,0,3,0,33.0,2.7883686987197374,0,1,0,0,0,0,1,0
721,1,2,1,6.0,5.744562646538029,0,1,0,0,1,0,3,1
722,0,3,0,17.0,2.6559743974669634,0,1,0,0,0,0,1,1
723,0,2,0,34.0,3.605551275463989,0,1,0,1,0,0,1,0
724,0,2,0,50.0,3.605551275463989,0,1,0,1,0,0,1,0
725,1,1,0,27.0,7.286974680894672,0,1,0,0,0,1,1,1
726,0,3,0,20.0,2.9432125305522874,0,1,1,0,0,0,1,0
727,1,2,1,30.0,4.58257569495584,0,1,0,1,0,0,2,3
728,1,3,1,25.14061971830986,2.7816362091402245,1,0,0,0,0,0,3,0
729,0,2,0,25.0,5.0990195135927845,0,1,0,0,1,0,1,1
730,0,3,1,25.0,2.8151376520518494,0,1,1,0,0,0,3,1
731,1,1,1,29.0,14.537451633625475,0,1,0,0,0,1,3,0
732,0,3,0,11.0,4.334454983039967,0,0,0,1,0,0,1,0
733,0,2,0,29.87763005780347,0.0,0,1,0,0,0,0,1,0
734,0,2,0,23.0,3.605551275463989,0,1,0,1,0,0,1,0
735,0,2,0,23.0,3.605551275463989,0,1,0,1,0,0,1,0
736,0,3,0,28.5,4.012480529547776,0,1,0,1,0,0,1,0
737,0,3,1,48.0,5.863019699779287,0,1,0,0,1,0,2,4
738,1,1,0,35.0,22.634690190060034,0,0,0,0,0,1,1,0
739,0,3,0,25.14061971830986,2.8099466187100424,0,1,1,0,0,0,1,0
740,0,3,0,25.14061971830986,2.8099466187100424,0,1,1,0,0,0,1,0
741,1,1,0,38.233440860215055,5.477225575051661,0,1,0,0,1,0,1,0
742,0,1,0,36.0,8.879752248796134,0,1,0,0,0,1,1,1
743,1,1,1,21.0,16.197993702925064,0,0,0,0,0,1,3,4
744,0,3,0,24.0,4.012480529547776,0,1,0,1,0,0,1,1
745,1,3,0,31.0,2.8151376520518494,0,1,1,0,0,0,1,0
746,0,1,0,70.0,8.426149773176359,0,1,0,0,0,1,5,2
747,0,3,0,16.0,4.5,0,1,0,1,0,0,1,2
748,1,2,1,30.0,3.605551275463989,0,1,0,1,0,0,3,0
749,0,1,0,19.0,7.286974680894672,0,1,0,0,0,1,1,1
750,0,3,0,31.0,2.7838821814150108,1,0,0,0,0,0,1,0
751,1,2,1,4.0,4.795831523312719,0,1,0,0,1,0,3,2
752,1,3,0,6.0,3.531996602489872,0,1,0,1,0,0,4,1
753,0,3,0,33.0,3.082207001484488,0,1,1,0,0,0,1,0
754,0,3,0,23.0,2.8099466187100424,0,1,1,0,0,0,1,0
755,1,2,1,48.0,8.06225774829855,0,1,0,0,0,1,2,3
756,1,2,0,0.67,3.8078865529319543,0,1,0,1,0,0,4,2
757,0,3,0,28.0,2.792095986888703,0,1,0,0,0,0,1,0
758,0,2,0,18.0,3.391164991562634,0,1,0,1,0,0,1,0
759,0,3,0,34.0,2.8372521918222215,0,1,1,0,0,0,1,0
760,1,1,1,33.0,9.300537618869138,0,1,0,0,0,1,5,0
761,0,3,0,25.14061971830986,3.8078865529319543,0,1,0,1,0,0,1,0
762,0,3,0,41.0,2.669269563007828,0,1,0,0,0,0,1,0
763,1,3,0,20.0,2.688717166233741,0,0,0,0,0,0,1,0
764,1,1,1,36.0,10.954451150103322,0,1,0,0,0,1,2,3
765,0,3,0,16.0,2.7883686987197374,0,1,0,0,0,0,1,0
766,1,1,1,51.0,8.829399753097602,0,1,0,0,0,1,2,1
767,0,1,0,38.233440860215055,6.29285308902091,0,0,0,0,1,0,6,0
768,0,3,1,30.5,2.7838821814150108,1,0,0,0,0,0,3,0
769,0,3,0,25.14061971830986,4.914264950122246,1,0,0,0,1,0,1,1
770,0,3,0,32.0,2.891798748184251,0,1,1,0,0,0,1,0
771,0,3,0,24.0,3.082207001484488,0,1,1,0,0,0,1,0
772,0,3,0,48.0,2.8025345671373976,0,1,0,0,0,0,1,0
773,0,2,1,57.0,3.24037034920393,0,1,1,0,0,0,2,0
774,0,3,0,25.14061971830986,2.6879360111431225,0,0,0,0,0,0,1,0
775,1,2,1,54.0,4.795831523312719,0,1,0,0,1,0,2,4
776,0,3,0,18.0,2.7838821814150108,0,1,0,0,0,0,1,0
777,0,3,0,25.14061971830986,2.7838821814150108,1,0,0,0,0,0,1,0
778,1,3,1,5.0,3.531996602489872,0,1,0,1,0,0,3,0
779,0,3,0,25.14061971830986,2.7816362091402245,1,0,0,0,0,0,1,0
780,1,1,1,43.0,14.537451633625475,0,1,0,0,0,1,2,1
781,1,3,1,13.0,2.688717166233741,0,0,0,0,0,0,3,0
782,1,1,1,17.0,7.54983443527075,0,1,0,0,0,1,2,1
783,0,1,0,29.0,5.477225575051661,0,1,0,0,1,0,1,0
784,0,3,0,25.14061971830986,4.8425200051213,0,1,0,0,1,0,1,3
785,0,3,0,25.0,2.6551836094703507,0,1,0,0,0,0,1,0
786,0,3,0,25.0,2.692582403567252,0,1,0,0,0,0,1,0
787,1,3,1,18.0,2.7378458685616325,0,1,0,0,0,0,3,0
788,0,3,0,8.0,5.3967582862307255,1,0,0,0,1,0,4,5
789,1,3,0,1.0,4.535967372016691,0,1,0,1,0,0,4,3
790,0,1,0,46.0,8.899438184514796,0,0,0,0,0,1,1,0
791,0,3,0,25.14061971830986,2.7838821814150108,1,0,0,0,0,0,1,0
792,0,2,0,16.0,5.0990195135927845,0,1,0,0,1,0,1,0
793,0,3,1,25.14061971830986,8.33966426182733,0,1,0,0,0,1,3,10
794,0,1,0,38.233440860215055,5.5403790484045405,0,0,0,0,1,0,1,0
795,0,3,0,25.0,2.8099466187100424,0,1,1,0,0,0,1,0
796,0,2,0,39.0,3.605551275463989,0,1,0,1,0,0,1,0
797,1,1,1,49.0,5.092072269714953,0,1,0,0,1,0,6,0
798,1,3,1,31.0,2.946743965803612,0,1,1,0,0,0,2,0
799,0,3,0,30.0,2.688717166233741,0,0,0,0,0,0,1,0
800,0,3,1,30.0,4.914264950122246,0,1,0,0,1,0,2,2
801,0,2,0,34.0,3.605551275463989,0,1,0,1,0,0,1,0
802,1,2,1,31.0,5.123475382979799,0,1,0,0,1,0,2,2
803,1,1,0,11.0,10.954451150103322,0,1,0,0,0,1,4,3
804,1,3,0,0.42,2.918338568432388,0,0,1,0,0,0,4,1
805,1,3,0,27.0,2.6410225292488514,0,1,0,0,0,0,1,0
806,0,3,0,31.0,2.7883686987197374,0,1,0,0,0,0,1,0
807,0,1,0,39.0,0.0,0,1,0,0,0,0,1,0
808,0,3,1,18.0,2.7883686987197374,0,1,0,0,0,0,3,0
809,0,2,0,39.0,3.605551275463989,0,1,0,1,0,0,1,0
810,1,1,1,33.0,7.286974680894672,0,1,0,0,0,1,2,1
811,0,3,0,26.0,2.8084693339967237,0,1,1,0,0,0,1,0
812,0,3,0,39.0,4.914264950122246,0,1,0,0,1,0,1,0
813,0,2,0,35.0,3.24037034920393,0,1,1,0,0,0,1,0
814,0,3,1,6.0,5.592405564692174,0,1,0,0,1,0,3,6
815,0,3,0,30.5,2.8372521918222215,0,1,1,0,0,0,1,0
816,0,1,0,38.233440860215055,0.0,0,1,0,0,0,0,1,0
817,0,3,1,23.0,2.8151376520518494,0,1,1,0,0,0,3,0
818,0,2,0,31.0,6.083107758374826,0,0,0,0,1,0,1,2
819,0,3,0,43.0,2.539685019840059,0,1,0,0,0,0,1,0
820,0,3,0,10.0,5.282045058497703,0,1,0,0,1,0,4,5
821,1,1,1,52.0,9.669539802906858,0,1,0,0,0,1,2,2
822,1,3,0,27.0,2.9432125305522874,0,1,1,0,0,0,1,0
823,0,1,0,38.0,0.0,0,1,0,0,0,0,5,0
824,1,3,1,27.0,3.531996602489872,0,1,0,1,0,0,2,1
825,0,3,0,2.0,6.299801584177076,0,1,0,0,1,0,4,5
826,0,3,0,25.14061971830986,2.6362852652928135,1,0,0,0,0,0,1,0
827,0,3,0,25.14061971830986,7.516368804150047,0,1,0,0,0,1,1,0
828,1,2,0,1.0,6.083107758374826,0,0,0,0,1,0,4,2
829,1,3,0,25.14061971830986,2.7838821814150108,1,0,0,0,0,0,1,0
830,1,1,1,62.0,8.94427190999916,0,0,0,0,0,1,2,0
831,1,3,1,15.0,3.8018679619366056,0,0,0,1,0,0,2,1
832,1,2,0,0.83,4.330127018922194,0,1,0,1,0,0,4,2
833,0,3,0,25.14061971830986,2.688717166233741,0,0,0,0,0,0,1,0
834,0,3,0,23.0,2.8025345671373976,0,1,0,0,0,0,1,0
835,0,3,0,18.0,2.8809720581775866,0,1,1,0,0,0,1,0
836,1,1,1,39.0,9.119117281842579,0,0,0,0,0,1,3,2
837,0,3,0,21.0,2.9432125305522874,0,1,1,0,0,0,1,0
838,0,3,0,25.14061971830986,2.8372521918222215,0,1,1,0,0,0,1,0
839,1,3,0,32.0,7.516368804150047,0,1,0,0,0,1,1,0
840,1,1,0,38.233440860215055,5.449770637375485,0,0,0,0,1,0,1,0
841,0,3,0,20.0,2.8151376520518494,0,1,1,0,0,0,1,0
842,0,2,0,16.0,3.24037034920393,0,1,1,0,0,0,1,0
843,1,1,1,30.0,5.5677643628300215,0,0,0,0,1,0,3,0
844,0,3,0,34.5,2.537222891273055,0,0,0,0,0,0,1,0
845,0,3,0,17.0,2.9432125305522874,0,1,1,0,0,0,1,0
846,0,3,0,42.0,2.7477263328068173,0,1,0,0,0,0,1,0
847,0,3,0,25.14061971830986,8.33966426182733,0,1,0,0,0,1,1,10
848,0,3,0,35.0,2.8099466187100424,0,0,1,0,0,0,1,0
849,0,2,0,28.0,5.744562646538029,0,1,0,0,1,0,5,1
850,1,1,1,38.233440860215055,9.439502105513828,0,0,0,0,0,1,2,1
851,0,3,0,4.0,5.592405564692174,0,1,0,0,1,0,4,6
852,0,3,0,74.0,2.7883686987197374,0,1,0,0,0,0,1,0
853,0,3,1,9.0,3.9045870460267627,0,0,0,1,0,0,3,2
854,1,1,1,16.0,6.276941930590086,0,1,0,0,1,0,3,1
855,0,2,1,44.0,5.0990195135927845,0,1,0,0,1,0,2,1
856,1,3,1,18.0,3.057776970284131,0,1,1,0,0,0,2,1
857,1,1,1,45.0,12.840042834819517,0,1,0,0,0,1,2,2
858,1,1,0,51.0,5.152669211195301,0,1,0,0,1,0,1,0
859,1,3,1,24.0,4.388427964544935,0,0,0,1,0,0,2,3
860,0,3,0,25.14061971830986,2.688717166233741,0,0,0,0,0,0,1,0
861,0,3,0,41.0,3.7561017025634436,0,1,0,1,0,0,1,2
862,0,2,0,21.0,3.391164991562634,0,1,0,1,0,0,1,1
863,1,1,1,48.0,5.092072269714953,0,1,0,0,1,0,2,0
864,0,3,1,25.14061971830986,8.33966426182733,0,1,0,0,0,1,3,10
865,0,2,0,24.0,3.605551275463989,0,1,0,1,0,0,1,0
866,1,2,1,42.0,3.605551275463989,0,1,0,1,0,0,2,0
867,1,2,1,27.0,3.7226737702893065,0,0,0,1,0,0,3,1
868,0,1,0,31.0,7.106039684662618,0,1,0,0,0,1,1,0
869,0,3,0,25.14061971830986,3.082207001484488,0,1,1,0,0,0,1,0
870,1,3,0,4.0,3.33666000665336,0,1,0,1,0,0,4,2
871,0,3,0,26.0,2.8099466187100424,0,1,1,0,0,0,1,0
872,1,1,1,47.0,7.24942756360804,0,1,0,0,0,1,2,2
873,0,1,0,33.0,2.23606797749979,0,1,0,0,0,0,1,0
874,0,3,0,47.0,3.0,0,1,1,0,0,0,1,0
875,1,2,1,28.0,4.898979485566356,0,0,0,0,1,0,2,1
876,1,3,1,15.0,2.6879360111431225,0,0,0,0,0,0,3,0
877,0,3,0,20.0,3.137801778315514,0,1,1,0,0,0,1,0
878,0,3,0,19.0,2.8099466187100424,0,1,1,0,0,0,1,0
879,0,3,0,25.14061971830986,2.8099466187100424,0,1,1,0,0,0,1,0
880,1,1,1,56.0,9.119117281842579,0,0,0,0,0,1,2,1
881,1,2,1,25.0,5.0990195135927845,0,1,0,0,1,0,2,1
882,0,3,0,33.0,2.8099466187100424,0,1,1,0,0,0,1,0
883,0,3,1,22.0,3.242946191351315,0,1,0,1,0,0,3,0
884,0,2,0,28.0,3.24037034920393,0,1,1,0,0,0,1,0
885,0,3,0,25.0,2.6551836094703507,0,1,0,0,0,0,1,0
886,0,3,1,39.0,5.3967582862307255,1,0,0,0,1,0,2,5
887,0,2,0,27.0,3.605551275463989,0,1,0,1,0,0,5,0
888,1,1,1,19.0,5.477225575051661,0,1,0,0,1,0,3,0
889,0,3,1,25.14061971830986,4.8425200051213,0,1,0,0,1,0,3,3
890,1,1,0,26.0,5.477225575051661,0,0,0,0,1,0,1,0
891,0,3,0,32.0,2.7838821814150108,1,0,0,0,0,0,1,0
